Country_code,Region_code,country,province,assigned_airport
0,0,AU,AU-ACT,CBR
0,1,AU,AU-NSW,BHQ
0,1,AU,AU-NSW,BRK
0,1,AU,AU-NSW,CAZ
0,1,AU,AU-NSW,GFF
0,1,AU,AU-NSW,BHS
0,1,AU,AU-NSW,LHG
0,1,AU,AU-NSW,OOM
0,1,AU,AU-NSW,WGE
0,1,AU,AU-NSW,WOL
0,1,AU,AU-NSW,DBO
0,1,AU,AU-NSW,MRZ
0,1,AU,AU-NSW,NAA
0,1,AU,AU-NSW,DGE
0,1,AU,AU-NSW,PKE
0,1,AU,AU-NSW,MYA
0,1,AU,AU-NSW,MIM
0,1,AU,AU-NSW,ARM
0,1,AU,AU-NSW,IVR
0,1,AU,AU-NSW,GFN
0,1,AU,AU-NSW,TRO
0,1,AU,AU-NSW,NRA
0,1,AU,AU-NSW,SYD
0,1,AU,AU-NSW,NTL
0,1,AU,AU-NSW,TMW
0,1,AU,AU-NSW,ABX
0,1,AU,AU-NSW,PQQ
0,1,AU,AU-NSW,WGA
0,1,AU,AU-NSW,LSY
0,1,AU,AU-NSW,OAG
0,1,AU,AU-NSW,CFS
0,1,AU,AU-NSW,OOL
0,2,AU,AU-NT,ASP
0,2,AU,AU-NT,AYQ
0,2,AU,AU-NT,GTE
0,2,AU,AU-NT,TCA
0,2,AU,AU-NT,KTR
0,2,AU,AU-NT,MCV
0,2,AU,AU-NT,MGT
0,2,AU,AU-NT,MNG
0,2,AU,AU-NT,GOV
0,2,AU,AU-NT,DRW
0,2,AU,AU-NT,BRT
0,2,AU,AU-NT,ELC
0,3,AU,AU-QLD,EDR
0,3,AU,AU-QLD,AUU
0,3,AU,AU-QLD,KWM
0,3,AU,AU-QLD,CUQ
0,3,AU,AU-QLD,ABM
0,3,AU,AU-QLD,IRG
0,3,AU,AU-QLD,WEI
0,3,AU,AU-QLD,BVI
0,3,AU,AU-QLD,WNR
0,3,AU,AU-QLD,XTG
0,3,AU,AU-QLD,BEU
0,3,AU,AU-QLD,BQL
0,3,AU,AU-QLD,ROK
0,3,AU,AU-QLD,ISA
0,3,AU,AU-QLD,PHQ
0,3,AU,AU-QLD,TQP
0,3,AU,AU-QLD,BUC
0,3,AU,AU-QLD,KRB
0,3,AU,AU-QLD,NTN
0,3,AU,AU-QLD,JCK
0,3,AU,AU-QLD,CTN
0,3,AU,AU-QLD,ULP
0,3,AU,AU-QLD,BKQ
0,3,AU,AU-QLD,WIN
0,3,AU,AU-QLD,LRE
0,3,AU,AU-QLD,CNS
0,3,AU,AU-QLD,DMD
0,3,AU,AU-QLD,ONG
0,3,AU,AU-QLD,RCM
0,3,AU,AU-QLD,CTL
0,3,AU,AU-QLD,HGD
0,3,AU,AU-QLD,CMA
0,3,AU,AU-QLD,BCI
0,3,AU,AU-QLD,EMD
0,3,AU,AU-QLD,MOV
0,3,AU,AU-QLD,CNJ
0,3,AU,AU-QLD,TSV
0,3,AU,AU-QLD,PPP
0,3,AU,AU-QLD,SGO
0,3,AU,AU-QLD,RMA
0,3,AU,AU-QLD,MKY
0,3,AU,AU-QLD,ZBL
0,3,AU,AU-QLD,MOO
0,3,AU,AU-QLD,WTB
0,3,AU,AU-QLD,BDB
0,3,AU,AU-QLD,GLT
0,3,AU,AU-QLD,HVB
0,3,AU,AU-QLD,MCY
0,3,AU,AU-QLD,BNE
0,3,AU,AU-QLD,BDD
0,4,AU,AU-SA,GTS
0,4,AU,AU-SA,CPD
0,4,AU,AU-SA,CED
0,4,AU,AU-SA,OLP
0,4,AU,AU-SA,WYA
0,4,AU,AU-SA,ADL
0,4,AU,AU-SA,MGB
0,4,AU,AU-SA,PLO
0,4,AU,AU-SA,KGC
0,5,AU,AU-TAS,SRN
0,5,AU,AU-TAS,HBA
0,5,AU,AU-TAS,FLS
0,5,AU,AU-TAS,BWT
0,5,AU,AU-TAS,DPO
0,5,AU,AU-TAS,LST
0,5,AU,AU-TAS,KNS
0,6,AU,AU-VIC,MQL
0,6,AU,AU-VIC,MEB
0,6,AU,AU-VIC,BXG
0,6,AU,AU-VIC,AVV
0,6,AU,AU-VIC,MEL
0,7,AU,AU-WA,BQW
0,7,AU,AU-WA,TEF
0,7,AU,AU-WA,LVO
0,7,AU,AU-WA,WME
0,7,AU,AU-WA,KGI
0,7,AU,AU-WA,LER
0,7,AU,AU-WA,LNO
0,7,AU,AU-WA,MMG
0,7,AU,AU-WA,CVQ
0,7,AU,AU-WA,MJK
0,7,AU,AU-WA,MKR
0,7,AU,AU-WA,PBO
0,7,AU,AU-WA,GET
0,7,AU,AU-WA,HCQ
0,7,AU,AU-WA,KNX
0,7,AU,AU-WA,FIZ
0,7,AU,AU-WA,TTX
0,7,AU,AU-WA,UBU
0,7,AU,AU-WA,DRB
0,7,AU,AU-WA,LEA
0,7,AU,AU-WA,EPR
0,7,AU,AU-WA,WUN
0,7,AU,AU-WA,ZNE
0,7,AU,AU-WA,BME
0,7,AU,AU-WA,PHE
0,7,AU,AU-WA,CJF
0,7,AU,AU-WA,ALH
0,7,AU,AU-WA,ONS
0,7,AU,AU-WA,BYP
0,7,AU,AU-WA,KTA
0,7,AU,AU-WA,PER
0,7,AU,AU-WA,BWB
0,7,AU,AU-WA,BQB
1,8,BN,BN-BE,BWN
1,8,BN,BN-BM,BWN
1,8,BN,BN-TE,BWN
1,8,BN,BN-TU,BWN
2,9,CN,CN-AH,TXN
2,9,CN,CN-AH,AQG
2,9,CN,CN-AH,WHA
2,9,CN,CN-AH,FUG
2,9,CN,CN-AH,HFE
2,10,CN,CN-BJ,PEK
2,10,CN,CN-BJ,PKX
2,11,CN,CN-CQ,WSK
2,11,CN,CN-CQ,WXN
2,11,CN,CN-CQ,JIQ
2,11,CN,CN-CQ,CKG
2,12,CN,CN-FJ,WUS
2,12,CN,CN-FJ,SQJ
2,12,CN,CN-FJ,LCX
2,12,CN,CN-FJ,JJN
2,12,CN,CN-FJ,FOC
2,13,CN,CN-GD,HSC
2,13,CN,CN-GD,HUZ
2,13,CN,CN-GD,CAN
2,13,CN,CN-GD,MXZ
2,13,CN,CN-GD,FUO
2,13,CN,CN-GD,ZHA
2,13,CN,CN-GD,SWA
2,13,CN,CN-GD,SZX
2,14,CN,CN-GS,DNH
2,14,CN,CN-GS,JGN
2,14,CN,CN-GS,GXH
2,14,CN,CN-GS,JIC
2,14,CN,CN-GS,YZY
2,14,CN,CN-GS,IQN
2,14,CN,CN-GS,LHW
2,14,CN,CN-GS,THQ
2,14,CN,CN-GS,LNL
2,15,CN,CN-GX,HCJ
2,15,CN,CN-GX,AEB
2,15,CN,CN-GX,KWL
2,15,CN,CN-GX,NNG
2,15,CN,CN-GX,WUZ
2,15,CN,CN-GX,LZH
2,15,CN,CN-GX,BHY
2,16,CN,CN-GZ,LLB
2,16,CN,CN-GZ,ACX
2,16,CN,CN-GZ,ZYI
2,16,CN,CN-GZ,KJH
2,16,CN,CN-GZ,AVA
2,16,CN,CN-GZ,HZH
2,16,CN,CN-GZ,WMT
2,16,CN,CN-GZ,KWE
2,16,CN,CN-GZ,BFJ
2,16,CN,CN-GZ,LPF
2,17,CN,CN-HA,NNY
2,17,CN,CN-HA,LYA
2,17,CN,CN-HA,XAI
2,17,CN,CN-HA,CGO
2,18,CN,CN-HB,HPG
2,18,CN,CN-HB,ENH
2,18,CN,CN-HB,XFN
2,18,CN,CN-HB,YIH
2,18,CN,CN-HB,WUH
2,18,CN,CN-HB,SHS
2,19,CN,CN-HE,ZQZ
2,19,CN,CN-HE,TVS
2,19,CN,CN-HE,SJW
2,19,CN,CN-HE,WDS
2,19,CN,CN-HE,HDG
2,20,CN,CN-HI,SYX
2,20,CN,CN-HI,HAK
2,21,CN,CN-HL,HEK
2,21,CN,CN-HL,OHE
2,21,CN,CN-HL,LDS
2,21,CN,CN-HL,DTU
2,21,CN,CN-HL,JSJ
2,21,CN,CN-HL,JMU
2,21,CN,CN-HL,MDG
2,21,CN,CN-HL,FYJ
2,21,CN,CN-HL,JXA
2,21,CN,CN-HL,HRB
2,21,CN,CN-HL,DQA
2,21,CN,CN-HL,NDG
2,22,CN,CN-HN,HCZ
2,22,CN,CN-HN,DYG
2,22,CN,CN-HN,HJJ
2,22,CN,CN-HN,LLF
2,22,CN,CN-HN,CSX
2,22,CN,CN-HN,CGD
2,22,CN,CN-HN,TEN
2,22,CN,CN-HN,HNY
2,23,CN,CN-JL,YNJ
2,23,CN,CN-JL,NBS
2,23,CN,CN-JL,DBC
2,23,CN,CN-JL,TNH
2,23,CN,CN-JL,CGQ
2,24,CN,CN-JS,YNZ
2,24,CN,CN-JS,NTG
2,24,CN,CN-JS,HIA
2,24,CN,CN-JS,YTY
2,24,CN,CN-JS,XUZ
2,24,CN,CN-JS,NKG
2,24,CN,CN-JS,CZX
2,24,CN,CN-JS,LYG
2,24,CN,CN-JS,WUX
2,25,CN,CN-JX,SQD
2,25,CN,CN-JX,YIC
2,25,CN,CN-JX,KHN
2,25,CN,CN-JX,JGS
2,25,CN,CN-JX,KOW
2,25,CN,CN-JX,JDZ
2,25,CN,CN-JX,JIU
2,26,CN,CN-LN,SHE
2,26,CN,CN-LN,DDG
2,26,CN,CN-LN,JNZ
2,26,CN,CN-LN,CHG
2,26,CN,CN-LN,AOG
2,26,CN,CN-LN,YKH
2,26,CN,CN-LN,DLC
2,27,CN,CN-NM,AXF
2,27,CN,CN-NM,EJN
2,27,CN,CN-NM,HLD
2,27,CN,CN-NM,JGD
2,27,CN,CN-NM,NZH
2,27,CN,CN-NM,RHT
2,27,CN,CN-NM,XIL
2,27,CN,CN-NM,YIE
2,27,CN,CN-NM,HUO
2,27,CN,CN-NM,NZL
2,27,CN,CN-NM,WUA
2,27,CN,CN-NM,ERL
2,27,CN,CN-NM,RLK
2,27,CN,CN-NM,BAV
2,27,CN,CN-NM,HLH
2,27,CN,CN-NM,HET
2,27,CN,CN-NM,UCB
2,27,CN,CN-NM,DSN
2,27,CN,CN-NM,CIF
2,27,CN,CN-NM,TGO
2,28,CN,CN-NX,ZHY
2,28,CN,CN-NX,INC
2,29,CN,CN-QH,GMQ
2,29,CN,CN-QH,GOQ
2,29,CN,CN-QH,HBQ
2,29,CN,CN-QH,HTT
2,29,CN,CN-QH,HXD
2,29,CN,CN-QH,YUS
2,29,CN,CN-QH,XNN
2,30,CN,CN-SC,AHJ
2,30,CN,CN-SC,GZG
2,30,CN,CN-SC,DCY
2,30,CN,CN-SC,JZH
2,30,CN,CN-SC,KGT
2,30,CN,CN-SC,CTU
2,30,CN,CN-SC,XIC
2,30,CN,CN-SC,MIG
2,30,CN,CN-SC,BZX
2,30,CN,CN-SC,PZI
2,30,CN,CN-SC,YBP
2,30,CN,CN-SC,GYS
2,30,CN,CN-SC,DAX
2,30,CN,CN-SC,LZO
2,30,CN,CN-SC,TFU
2,30,CN,CN-SC,NAO
2,31,CN,CN-SD,DOY
2,31,CN,CN-SD,WEF
2,31,CN,CN-SD,LYI
2,31,CN,CN-SD,YNT
2,31,CN,CN-SD,TAO
2,31,CN,CN-SD,WEH
2,31,CN,CN-SD,TNA
2,31,CN,CN-SD,JNG
2,32,CN,CN-SH,PVG
2,32,CN,CN-SH,SHA
2,33,CN,CN-SN,HZG
2,33,CN,CN-SN,ENY
2,33,CN,CN-SN,XIY
2,33,CN,CN-SN,UYN
2,33,CN,CN-SN,AKA
2,34,CN,CN-SX,TYN
2,34,CN,CN-SX,WUT
2,34,CN,CN-SX,LLV
2,34,CN,CN-SX,LFQ
2,34,CN,CN-SX,DAT
2,34,CN,CN-SX,CIH
2,34,CN,CN-SX,YCU
2,35,CN,CN-TJ,TSN
2,36,CN,CN-XJ,AAT
2,36,CN,CN-XJ,AKU
2,36,CN,CN-XJ,FYN
2,36,CN,CN-XJ,HMI
2,36,CN,CN-XJ,HTN
2,36,CN,CN-XJ,IQM
2,36,CN,CN-XJ,KCA
2,36,CN,CN-XJ,KHG
2,36,CN,CN-XJ,KRL
2,36,CN,CN-XJ,KRY
2,36,CN,CN-XJ,NLT
2,36,CN,CN-XJ,QSZ
2,36,CN,CN-XJ,RQA
2,36,CN,CN-XJ,SHF
2,36,CN,CN-XJ,TLQ
2,36,CN,CN-XJ,TWC
2,36,CN,CN-XJ,URC
2,36,CN,CN-XJ,YTW
2,36,CN,CN-XJ,KJI
2,36,CN,CN-XJ,YIN
2,36,CN,CN-XJ,BPL
2,36,CN,CN-XJ,TCG
2,37,CN,CN-XZ,NGQ
2,37,CN,CN-XZ,RKZ
2,37,CN,CN-XZ,LZY
2,37,CN,CN-XZ,LXA
2,37,CN,CN-XZ,BPX
2,38,CN,CN-YN,DIG
2,38,CN,CN-YN,SYM
2,38,CN,CN-YN,JHG
2,38,CN,CN-YN,NLH
2,38,CN,CN-YN,LJG
2,38,CN,CN-YN,TCZ
2,38,CN,CN-YN,KMG
2,38,CN,CN-YN,DLU
2,38,CN,CN-YN,BSD
2,38,CN,CN-YN,JMJ
2,38,CN,CN-YN,WNH
2,38,CN,CN-YN,LNJ
2,38,CN,CN-YN,LUM
2,38,CN,CN-YN,CWJ
2,38,CN,CN-YN,ZAT
2,39,CN,CN-ZJ,WNZ
2,39,CN,CN-ZJ,JUZ
2,39,CN,CN-ZJ,YIW
2,39,CN,CN-ZJ,HYN
2,39,CN,CN-ZJ,NGB
2,39,CN,CN-ZJ,HGH
2,39,CN,CN-ZJ,HSN
2,40,CN,CN-TW,SMT
2,40,CN,CN-TW,SMT
2,40,CN,CN-TW,CYI
2,40,CN,CN-TW,CYI
2,40,CN,CN-TW,TPE
2,40,CN,CN-TW,TPE
2,40,CN,CN-TW,TPE
2,40,CN,CN-TW,HUN
2,40,CN,CN-TW,TSA
2,40,CN,CN-TW,KHH
2,40,CN,CN-TW,RMQ
2,40,CN,CN-TW,RMQ
2,40,CN,CN-TW,HCN
2,40,CN,CN-TW,TNN
2,40,CN,CN-TW,TTT
2,41,CN,CN-HK,HKG
3,42,ID,ID-AC,TXE
3,42,ID,ID-AC,BTJ
3,42,ID,ID-AC,MEQ
3,42,ID,ID-AC,LSW
3,43,ID,ID-BB,TJQ
3,43,ID,ID-BB,PGK
3,44,ID,ID-BE,BKS
3,45,ID,ID-BT,CGK
3,46,ID,ID-GO,GTO
3,47,ID,ID-JA,DJB
3,47,ID,ID-JA,BUU
3,48,ID,ID-JB,TSY
3,48,ID,ID-JB,BDO
3,49,ID,ID-BA,BWX
3,49,ID,ID-JI,MLG
3,49,ID,ID-JI,BWX
3,49,ID,ID-JI,JBB
3,49,ID,ID-JI,SUB
3,50,ID,ID-JK,HLP
3,51,ID,ID-JT,CPF
3,51,ID,ID-JT,SOC
3,51,ID,ID-JT,PWL
3,51,ID,ID-JT,SRG
3,52,ID,ID-KB,PSU
3,52,ID,ID-KB,SQG
3,52,ID,ID-KB,KTG
3,52,ID,ID-KB,PNK
3,53,ID,ID-KI,BKM
3,53,ID,ID-KI,LNU
3,53,ID,ID-KI,TJS
3,53,ID,ID-KI,BEJ
3,53,ID,ID-KI,TRK
3,53,ID,ID-KI,NNX
3,54,ID,ID-KR,LMU
3,54,ID,ID-KR,SIQ
3,54,ID,ID-KR,BTH
3,55,ID,ID-KS,BTW
3,55,ID,ID-KS,BDJ
3,56,ID,ID-KT,PKY
3,56,ID,ID-KT,PKN
3,57,ID,ID-LA,TKG
3,58,ID,ID-MA,LUV
3,58,ID,ID-MA,NRE
3,58,ID,ID-MA,SXK
3,59,ID,ID-MU,KAZ
3,59,ID,ID-MU,LAH
3,59,ID,ID-MU,SQN
3,60,ID,ID-NB,SWQ
3,60,ID,ID-NB,LOP
3,60,ID,ID-NB,SAE
3,60,ID,ID-NB,BMU
3,61,ID,ID-NT,WGP
3,61,ID,ID-NT,ABU
3,61,ID,ID-NT,LWE
3,61,ID,ID-NT,KOE
3,61,ID,ID-NT,LBJ
3,61,ID,ID-NT,BJW
3,61,ID,ID-NT,ENE
3,61,ID,ID-NT,RTG
3,61,ID,ID-NT,MOF
3,62,ID,ID-PA,WMX
3,62,ID,ID-PA,ZRI
3,62,ID,ID-PA,DJJ
3,62,ID,ID-PA,TMH
3,62,ID,ID-PA,OKL
3,62,ID,ID-PA,DEX
3,62,ID,ID-PA,EWE
3,62,ID,ID-PA,TIM
3,62,ID,ID-PA,MKQ
3,62,ID,ID-PA,BIK
3,63,ID,ID-PB,SOQ
3,63,ID,ID-PB,BXB
3,63,ID,ID-PB,MKW
3,63,ID,ID-PB,FKQ
3,63,ID,ID-PB,KNG
3,64,ID,ID-RI,PKU
3,64,ID,ID-RI,DUM
3,65,ID,ID-SA,MDC
3,66,ID,ID-SB,KRC
3,66,ID,ID-SB,PDG
3,67,ID,ID-SG,KDI
3,67,ID,ID-SG,RAQ
3,67,ID,ID-SG,BUW
3,68,ID,ID-SN,LLO
3,68,ID,ID-SN,TTR
3,68,ID,ID-SR,TTR
3,68,ID,ID-SN,UPG
3,69,ID,ID-SS,LLJ
3,69,ID,ID-SS,PLM
3,70,ID,ID-ST,MOH
3,70,ID,ID-ST,PSJ
3,70,ID,ID-ST,OJU
3,70,ID,ID-ST,LUW
3,70,ID,ID-ST,UOL
3,70,ID,ID-ST,TLI
3,70,ID,ID-ST,PLW
3,71,ID,ID-SU,DTB
3,71,ID,ID-SU,AEG
3,71,ID,ID-SU,FLZ
3,71,ID,ID-SU,GNS
3,71,ID,ID-SU,KNO
3,72,ID,ID-YO,JOG
4,73,IN,IN-AN,IXZ
4,74,IN,IN-AP,RJA
4,74,IN,IN-AP,KJB
4,74,IN,IN-AP,CDP
4,74,IN,IN-AP,VTZ
4,74,IN,IN-AP,TIR
4,74,IN,IN-AP,VGA
4,75,IN,IN-AR,TEI
4,75,IN,IN-AR,IXT
4,76,IN,IN-AS,IXS
4,76,IN,IN-AS,JRH
4,76,IN,IN-AS,DIB
4,76,IN,IN-AS,TEZ
4,76,IN,IN-AS,GAU
4,76,IN,IN-AS,RUP
4,76,IN,IN-AS,IXI
4,77,IN,IN-BR,GAY
4,77,IN,IN-BR,PAT
4,77,IN,IN-BR,DBR
4,78,IN,IN-CT,JGB
4,78,IN,IN-CT,RPR
4,79,IN,IN-DL,DEL
4,79,IN,IN-HR,DEL
4,80,IN,IN-GA,GOI
4,81,IN,IN-GJ,BHJ
4,81,IN,IN-GJ,IXY
4,81,IN,IN-GJ,RAJ
4,81,IN,IN-GJ,AMD
4,81,IN,IN-GJ,JGA
4,81,IN,IN-GJ,BHU
4,81,IN,IN-GJ,PBD
4,81,IN,IN-GJ,IXK
4,81,IN,IN-GJ,DIU
4,81,IN,IN-GJ,BDQ
4,82,IN,IN-HP,KUU
4,82,IN,IN-HP,DHM
4,82,IN,IN-HP,SLV
4,82,IN,IN-HP,IXP
4,82,IN,IN-HP,PAB
4,83,IN,IN-JH,IXR
4,84,IN,IN-JK,IXJ
4,84,IN,IN-JK,SXR
4,85,IN,IN-KA,HBX
4,85,IN,IN-KA,IXG
4,85,IN,IN-KA,IXE
4,85,IN,IN-KA,MYQ
4,85,IN,IN-KA,VDY
4,85,IN,IN-KA,BLR
4,85,IN,IN-KA,IXX
4,86,IN,IN-KL,COK
4,86,IN,IN-KL,TRV
4,86,IN,IN-KL,CCJ
4,86,IN,IN-KL,CNN
4,86,IN,IN-PY,CNN
4,87,IN,IN-LA,IXL
4,88,IN,IN-MH,NAG
4,88,IN,IN-MH,KLH
4,88,IN,IN-MH,IXU
4,88,IN,IN-MH,SAG
4,88,IN,IN-MH,PNQ
4,88,IN,IN-MH,NDC
4,88,IN,IN-MH,ISK
4,88,IN,IN-DH,ISK
4,88,IN,IN-MH,BOM
4,88,IN,IN-MH,JUH
4,89,IN,IN-ML,SHL
4,90,IN,IN-MN,IMF
4,91,IN,IN-MP,HJR
4,91,IN,IN-MP,JLR
4,91,IN,IN-MP,BHO
4,91,IN,IN-MP,IDR
4,91,IN,IN-MP,GWL
4,92,IN,IN-MZ,AJL
4,93,IN,IN-NL,DMU
4,94,IN,IN-OR,BBI
4,94,IN,IN-OR,JRG
4,95,IN,IN-PB,BUP
4,95,IN,IN-PB,LUH
4,95,IN,IN-PB,ATQ
4,95,IN,IN-PB,IXC
4,96,IN,IN-RJ,JSA
4,96,IN,IN-RJ,BKB
4,96,IN,IN-RJ,JDH
4,96,IN,IN-RJ,JAI
4,96,IN,IN-RJ,KQH
4,96,IN,IN-RJ,UDR
4,97,IN,IN-SK,PYG
4,98,IN,IN-TG,BPM
4,98,IN,IN-TG,HYD
4,99,IN,IN-TN,TCR
4,99,IN,IN-TN,CJB
4,99,IN,IN-TN,SXV
4,99,IN,IN-TN,IXM
4,99,IN,IN-TN,TRZ
4,99,IN,IN-TN,MAA
4,100,IN,IN-TR,IXA
4,101,IN,IN-UP,KNU
4,101,IN,IN-UP,AGR
4,101,IN,IN-UP,VNS
4,101,IN,IN-UP,IXD
4,101,IN,IN-UP,LKO
4,101,IN,IN-UP,BEK
4,101,IN,IN-UP,GOP
4,102,IN,IN-UT,PGH
4,102,IN,IN-UT,DED
4,103,IN,IN-WB,CCU
4,103,IN,IN-WB,IXB
4,103,IN,IN-WB,RDP
5,104,JP,JP-01,WKJ
5,104,JP,JP-01,AKJ
5,104,JP,JP-01,KUH
5,104,JP,JP-01,OBO
5,104,JP,JP-01,MBE
5,104,JP,JP-01,OIR
5,104,JP,JP-01,CTS
5,104,JP,JP-01,SHB
5,104,JP,JP-01,MMB
5,104,JP,JP-01,OKD
5,105,JP,JP-02,AOJ
5,105,JP,JP-02,MSJ
5,106,JP,JP-03,HNA
5,107,JP,JP-04,SDJ
5,108,JP,JP-05,ONJ
5,108,JP,JP-05,AXT
5,109,JP,JP-06,GAJ
5,109,JP,JP-06,SYO
5,110,JP,JP-07,FKS
5,111,JP,JP-08,IBR
5,111,JP,JP-09,IBR
5,112,JP,JP-10,HND
5,112,JP,JP-11,HND
5,112,JP,JP-13,HND
5,112,JP,JP-13,HAC
5,112,JP,JP-14,HND
5,113,JP,JP-12,NRT
5,114,JP,JP-15,KIJ
5,115,JP,JP-16,TOY
5,116,JP,JP-17,NTQ
5,116,JP,JP-17,KMQ
5,116,JP,JP-18,KMQ
5,117,JP,JP-19,MMJ
5,117,JP,JP-20,MMJ
5,118,JP,JP-22,FSZ
5,119,JP,JP-21,NKM
5,119,JP,JP-23,NKM
5,119,JP,JP-23,NGO
5,119,JP,JP-24,NGO
5,120,JP,JP-25,ITM
5,120,JP,JP-26,ITM
5,120,JP,JP-27,KIX
5,120,JP,JP-27,ITM
5,120,JP,JP-29,ITM
5,121,JP,JP-28,TJH
5,122,JP,JP-30,SHM
5,123,JP,JP-31,YGJ
5,123,JP,JP-31,TTJ
5,124,JP,JP-32,IZO
5,124,JP,JP-32,IWJ
5,125,JP,JP-33,OKJ
5,126,JP,JP-34,HIJ
5,127,JP,JP-35,IWK
5,127,JP,JP-35,UBJ
5,128,JP,JP-36,TKS
5,129,JP,JP-37,TAK
5,130,JP,JP-38,MYJ
5,131,JP,JP-39,KCZ
5,132,JP,JP-40,FUK
5,132,JP,JP-40,KKJ
5,133,JP,JP-41,HSG
5,134,JP,JP-42,TSJ
5,134,JP,JP-42,FUJ
5,134,JP,JP-42,IKI
5,135,JP,JP-43,KMJ
5,135,JP,JP-43,AXJ
5,135,JP,JP-44,KMJ
5,136,JP,JP-45,KOJ
5,136,JP,JP-46,KUM
5,136,JP,JP-46,TNE
5,136,JP,JP-46,KOJ
5,137,JP,JP-47,ISG
5,137,JP,JP-47,ASJ
5,137,JP,JP-47,RNJ
6,138,KH,KH-1,REP
6,138,KH,KH-13,REP
6,138,KH,KH-15,REP
6,138,KH,KH-17,REP
6,138,KH,KH-2,REP
6,138,KH,KH-22,REP
6,138,KH,KH-24,REP
6,139,KH,KH-10,PNH
6,139,KH,KH-11,PNH
6,139,KH,KH-12,PNH
6,139,KH,KH-14,PNH
6,139,KH,KH-16,PNH
6,139,KH,KH-19,PNH
6,139,KH,KH-20,PNH
6,139,KH,KH-21,PNH
6,139,KH,KH-3,PNH
6,139,KH,KH-4,PNH
6,139,KH,KH-5,PNH
6,139,KH,KH-6,PNH
6,139,KH,KH-7,PNH
6,139,KH,KH-8,PNH
6,140,KH,KH-18,KOS
6,140,KH,KH-9,KOS
7,141,KR,KR-26,PUS
7,141,KR,KR-48,PUS
7,141,KR,KR-48,HIN
7,142,KR,KR-27,TAE
7,143,KR,KR-28,ICN
7,144,KR,KR-30,CJJ
7,144,KR,KR-43,CJJ
7,144,KR,KR-44,CJJ
7,144,KR,KR-50,CJJ
7,145,KR,KR-31,USN
7,146,KR,KR-41,GMP
7,147,KR,KR-42,SHO
7,147,KR,KR-42,KUZ
7,147,KR,KR-42,YNY
7,147,KR,KR-42,WJU
7,147,KR,KR-42,SUK
7,148,KR,KR-45,KUV
7,149,KR,KR-46,MWX
7,149,KR,KR-46,KWJ
7,150,KR,KR-47,KPO
7,150,KR,KR-47,YEC
7,151,KR,KR-49,CJU
8,152,LA,LA-AT,PKZ
8,152,LA,LA-SL,PKZ
8,152,LA,LA-CH,PKZ
8,152,LA,LA-XE,PKZ
8,153,LA,LA-BK,LXG
8,153,LA,LA-LM,LXG
8,153,LA,LA-OU,LXG
8,154,LA,LA-BL,XKH
8,154,LA,LA-XI,XKH
8,155,LA,LA-HO,HOE
8,155,LA,LA-HO,NEU
8,155,LA,LA-HO,ODY
8,156,LA,LA-KH,ZVK
8,156,LA,LA-SV,ZVK
8,157,LA,LA-LP,LPQ
8,157,LA,LA-XA,LPQ
8,158,LA,LA-PH,PCQ
8,159,LA,LA-VI,OUI
8,159,LA,LA-VI,VTE
9,160,MM,MM-01,KHM
9,160,MM,MM-01,HOX
9,160,MM,MM-01,KMV
9,160,MM,MM-01,BPE
9,160,MM,MM-01,NYW
9,160,MM,MM-14,KMV
9,161,MM,MM-03,MWQ
9,162,MM,MM-02,NYT
9,162,MM,MM-04,NYT
9,162,MM,MM-04,MDL
9,162,MM,MM-04,NYU
9,163,MM,MM-05,MGZ
9,163,MM,MM-05,VBP
9,163,MM,MM-05,TVY
9,163,MM,MM-05,KAW
9,164,MM,MM-06,RGN
9,164,MM,MM-07,RGN
9,165,MM,MM-11,PBU
9,165,MM,MM-11,MYT
9,165,MM,MM-11,BMO
9,166,MM,MM-12,LIW
9,167,MM,MM-13,MNU
9,167,MM,MM-15,MNU
9,168,MM,MM-16,VBA
9,168,MM,MM-16,SNW
9,168,MM,MM-16,AKY
9,168,MM,MM-16,KYP
9,169,MM,MM-17,MOG
9,169,MM,MM-17,KET
9,169,MM,MM-17,NMS
9,169,MM,MM-17,THL
9,169,MM,MM-17,LSH
9,169,MM,MM-17,HEH
10,170,MY,MY-01,JHB
10,171,MY,MY-02,AOR
10,171,MY,MY-02,LGK
10,172,MY,MY-03,KBR
10,173,MY,MY-04,MKZ
10,174,MY,MY-06,KUA
10,175,MY,MY-08,IPH
10,176,MY,MY-10,SZB
10,176,MY,MY-10,KUL
10,176,MY,MY-05,KUL
10,177,MY,MY-11,TGG
10,178,MY,MY-12,LDU
10,178,MY,MY-12,SDK
10,178,MY,MY-12,KUD
10,179,MY,MY-13,BBN
10,179,MY,MY-13,LBP
10,179,MY,MY-13,LKH
10,179,MY,MY-13,LLM
10,179,MY,MY-13,MZV
10,179,MY,MY-13,ODN
10,179,MY,MY-13,BTU
10,179,MY,MY-13,LMN
10,179,MY,MY-13,SBW
10,179,MY,MY-13,LGL
10,179,MY,MY-13,MKM
10,179,MY,MY-13,SGG
10,179,MY,MY-13,MUR
10,179,MY,MY-13,LWY
10,179,MY,MY-13,MYY
10,179,MY,MY-13,TGC
10,179,MY,MY-13,KCH
11,180,NZ,NZ-AUK,AKL
11,181,NZ,NZ-BOP,ROT
11,182,NZ,NZ-CAN,CHC
11,182,NZ,NZ-CAN,TIU
11,183,NZ,NZ-GIS,GIS
11,184,NZ,NZ-HKB,NPE
11,185,NZ,NZ-MBH,BHE
11,185,NZ,NZ-MBH,PCN
11,186,NZ,NZ-MWT,PMR
11,186,NZ,NZ-MWT,WAG
11,187,NZ,NZ-NTL,KKE
11,187,NZ,NZ-NTL,WGN
11,188,NZ,NZ-OTA,ZQN
11,188,NZ,NZ-OTA,WKA
11,188,NZ,NZ-OTA,DUD
11,189,NZ,NZ-STL,IVC
11,190,NZ,NZ-TAS,NSN
11,190,NZ,NZ-WTC,NSN
11,191,NZ,NZ-TKI,NPL
11,192,NZ,NZ-WGN,PPQ
11,192,NZ,NZ-WGN,WLG
11,193,NZ,NZ-WKO,TUO
11,193,NZ,NZ-WKO,HLZ
12,194,PH,PH-ABR,LAO
12,194,PH,PH-ILN,LAO
12,194,PH,PH-ILS,LAO
12,195,PH,PH-AGN,BXU
12,195,PH,PH-AGS,BXU
12,195,PH,PH-SUR,BXU
12,196,PH,PH-AKL,KLO
12,197,PH,PH-ALB,LGP
12,197,PH,PH-MAS,LGP
12,197,PH,PH-SOR,LGP
12,198,PH,PH-ANT,ILO
12,198,PH,PH-GUI,ILO
12,198,PH,PH-ILI,ILO
12,199,PH,PH-AUR,CRK
12,199,PH,PH-BEN,CRK
12,199,PH,PH-NUE,CRK
12,199,PH,PH-PAM,CRK
12,199,PH,PH-PAN,CRK
12,199,PH,PH-TAR,CRK
12,200,PH,PH-BAN,SFS
12,200,PH,PH-ZMB,SFS
12,201,PH,PH-BAS,ZAM
12,201,PH,PH-TAW,ZAM
12,201,PH,PH-ZAN,ZAM
12,202,PH,PH-CEB,CEB
12,202,PH,PH-BOH,CEB
12,203,PH,PH-BTG,MNL
12,203,PH,PH-BUL,MNL
12,203,PH,PH-CAV,MNL
12,203,PH,PH-LAG,MNL
12,203,PH,PH-MNL,MNL
12,203,PH,PH-QUE,MNL
12,203,PH,PH-RIZ,MNL
12,204,PH,PH-BUK,CGY
12,204,PH,PH-LAS,CGY
12,204,PH,PH-MSR,CGY
12,205,PH,PH-APA,TUG
12,205,PH,PH-KAL,TUG
12,205,PH,PH-CAG,TUG
12,205,PH,PH-CAG,CGM
12,206,PH,PH-CAN,WNP
12,206,PH,PH-CAS,WNP
12,207,PH,PH-CAP,RXS
12,208,PH,PH-CAT,VRC
12,209,PH,PH-COM,DVO
12,209,PH,PH-DAO,DVO
12,209,PH,PH-DAV,DVO
12,210,PH,PH-DAS,GES
12,210,PH,PH-SAR,GES
12,210,PH,PH-SCO,GES
12,211,PH,PH-EAS,CYP
12,211,PH,PH-WSA,CYP
12,212,PH,PH-IFU,CYZ
12,212,PH,PH-ISA,CYZ
12,212,PH,PH-QUI,CYZ
12,212,PH,PH-LUN,CYZ
12,212,PH,PH-MOU,CYZ
12,212,PH,PH-NUV,CYZ
12,213,PH,PH-LAN,OZC
12,213,PH,PH-MSC,OZC
12,214,PH,PH-LEY,TAC
12,215,PH,PH-MAD,SJI
12,215,PH,PH-MDC,SJI
12,215,PH,PH-MDR,SJI
12,216,PH,PH-MAG,CBO
12,216,PH,PH-NCO,CBO
12,216,PH,PH-SUK,CBO
12,217,PH,PH-NEC,BCD
12,218,PH,PH-NER,DGT
12,218,PH,PH-SIG,DGT
12,219,PH,PH-NSA,CRM
12,220,PH,PH-PLW,PPS
12,220,PH,PH-PLW,USU
12,220,PH,PH-PLW,ENI
12,221,PH,PH-ROM,MPH
12,222,PH,PH-SLE,SUG
12,222,PH,PH-SUN,SUG
12,222,PH,PH-SUN,IAO
12,223,PH,PH-ZAS,PAG
12,223,PH,PH-ZSI,PAG
13,224,SG,SG-01,SIN
14,225,TH,TH-10,DMK
14,225,TH,TH-12,DMK
14,225,TH,TH-13,DMK
14,225,TH,TH-14,DMK
14,225,TH,TH-15,DMK
14,225,TH,TH-16,DMK
14,225,TH,TH-17,DMK
14,225,TH,TH-18,DMK
14,225,TH,TH-19,DMK
14,225,TH,TH-26,DMK
14,225,TH,TH-70,DMK
14,225,TH,TH-71,DMK
14,225,TH,TH-72,DMK
14,225,TH,TH-73,DMK
14,225,TH,TH-74,DMK
14,226,TH,TH-21,UTP
14,227,TH,TH-22,TDX
14,227,TH,TH-23,TDX
14,227,TH,TH-27,TDX
14,228,TH,TH-11,BKK
14,228,TH,TH-20,BKK
14,228,TH,TH-24,BKK
14,228,TH,TH-25,BKK
14,229,TH,TH-30,BFV
14,229,TH,TH-31,BFV
14,229,TH,TH-32,BFV
14,230,TH,TH-33,UBP
14,230,TH,TH-34,UBP
14,230,TH,TH-37,UBP
14,231,TH,TH-35,ROI
14,231,TH,TH-44,ROI
14,231,TH,TH-45,ROI
14,231,TH,TH-46,ROI
14,232,TH,TH-36,KKC
14,232,TH,TH-40,KKC
14,233,TH,TH-38,UTH
14,233,TH,TH-39,UTH
14,233,TH,TH-41,UTH
14,233,TH,TH-43,UTH
14,234,TH,TH-42,LOE
14,234,TH,TH-67,LOE
14,235,TH,TH-47,SNO
14,236,TH,TH-48,KOP
14,236,TH,TH-49,KOP
14,237,TH,TH-50,CNX
14,237,TH,TH-51,CNX
14,238,TH,TH-52,LPT
14,239,TH,TH-53,THS
14,239,TH,TH-64,THS
14,240,TH,TH-54,PRH
14,241,TH,TH-55,NNT
14,242,TH,TH-56,CEI
14,242,TH,TH-57,CEI
14,243,TH,TH-58,HGN
14,244,TH,TH-60,PHS
14,244,TH,TH-61,PHS
14,244,TH,TH-62,PHS
14,244,TH,TH-65,PHS
14,244,TH,TH-66,PHS
14,245,TH,TH-63,MAQ
14,246,TH,TH-75,HHQ
14,246,TH,TH-76,HHQ
14,246,TH,TH-77,HHQ
14,247,TH,TH-80,NST
14,248,TH,TH-81,KBV
14,249,TH,TH-82,HKT
14,249,TH,TH-83,HKT
14,250,TH,TH-84,URT
14,251,TH,TH-85,UNN
14,252,TH,TH-86,CJM
14,253,TH,TH-90,HDY
14,253,TH,TH-91,HDY
14,254,TH,TH-92,TST
14,254,TH,TH-93,TST
14,255,TH,TH-94,PAN
14,256,TH,TH-95,NAW
14,256,TH,TH-96,NAW
15,257,VN,VN-01,DIN
15,257,VN,VN-02,DIN
15,257,VN,VN-05,DIN
15,257,VN,VN-71,DIN
15,258,VN,VN-03,HAN
15,258,VN,VN-04,HAN
15,258,VN,VN-06,HAN
15,258,VN,VN-07,HAN
15,258,VN,VN-09,HAN
15,258,VN,VN-14,HAN
15,258,VN,VN-53,HAN
15,258,VN,VN-54,HAN
15,258,VN,VN-56,HAN
15,258,VN,VN-66,HAN
15,258,VN,VN-68,HAN
15,258,VN,VN-69,HAN
15,258,VN,VN-70,HAN
15,258,VN,VN-HN,HAN
15,259,VN,VN-13,VDO
15,260,VN,VN-18,THD
15,260,VN,VN-21,THD
15,261,VN,VN-20,HPH
15,261,VN,VN-61,HPH
15,261,VN,VN-63,HPH
15,261,VN,VN-67,HPH
15,261,VN,VN-HP,HPH
15,262,VN,VN-22,VII
15,262,VN,VN-23,VII
15,263,VN,VN-24,VDH
15,264,VN,VN-25,HUI
15,264,VN,VN-26,HUI
15,265,VN,VN-27,VCL
15,265,VN,VN-29,VCL
15,266,VN,VN-28,PXU
15,266,VN,VN-30,PXU
15,267,VN,VN-31,UIH
15,268,VN,VN-32,TBB
15,268,VN,VN-34,TBB
15,269,VN,VN-33,BMV
15,269,VN,VN-72,BMV
15,270,VN,VN-35,DLI
15,270,VN,VN-36,DLI
15,270,VN,VN-40,DLI
15,271,VN,VN-37,SGN
15,271,VN,VN-39,SGN
15,271,VN,VN-41,SGN
15,271,VN,VN-57,SGN
15,271,VN,VN-58,SGN
15,271,VN,VN-SG,SGN
15,272,VN,VN-43,VCS
15,272,VN,VN-46,VCS
15,272,VN,VN-50,VCS
15,272,VN,VN-51,VCS
15,273,VN,VN-44,VKG
15,273,VN,VN-45,VKG
15,273,VN,VN-47,VKG
15,274,VN,VN-49,VCA
15,274,VN,VN-52,VCA
15,274,VN,VN-73,VCA
15,274,VN,VN-CT,VCA
15,275,VN,VN-55,CAH
15,275,VN,VN-59,CAH
15,276,VN,VN-DN,DAD